,16.15,16.16,16.17,16.35,16.53,16.6,16.7,16.8,16.9,6.15,6.16,6.17,6.35,6.53,6.6,6.7,6.8,6.9,7.15,7.16,7.17,7.35,7.53,7.6,7.7,7.8,7.9,8.15,8.16,8.17,8.35,8.53,8.6,8.7,8.8,8.9
1a30,0,0,0,0,0,0,0,0,0,478,135,139,1,1366,2562,701,742,2,0,0,0,0,0,377,414,1,0,0,0,0,0,0,0,0,0,0
1bcu,0,0,0,0,0,0,0,0,0,437,120,147,12,0,2007,561,660,57,0,0,0,0,0,0,0,0,0,0,0,0,0,0,0,0,0,0
1bzc,0,0,0,0,0,0,0,0,0,138,49,44,1,868,1918,688,607,31,117,98,4,200,66,278,250,15,357,0,0,0,0,0,60,3,0,0
1c5z,0,0,0,0,0,0,0,0,0,410,110,123,9,0,1328,359,404,36,0,0,0,0,0,0,0,0,0,0,0,0,0,0,0,0,0,0
1e66,0,0,0,0,0,2,0,0,0,461,87,111,4,0,4218,870,1047,29,0,0,0,0,0,0,0,0,0,0,0,211,51,57,0,0,0,0
1eby,0,0,0,0,0,0,0,0,0,350,96,110,0,1470,6481,1821,1914,7,0,0,0,0,0,406,440,0,0,0,0,0,0,0,0,0,0,0
1g2k,0,0,0,0,0,0,0,0,0,535,153,157,1,1313,5934,1666,1737,3,0,0,0,0,0,356,377,0,0,60,0,0,0,0,0,0,190,54
1gpk,0,0,0,0,0,0,0,0,0,475,103,121,2,234,3634,776,910,24,0,0,0,0,0,59,66,2,0,0,0,0,0,0,0,0,0,0
1gpn,0,0,0,0,0,0,0,0,0,483,101,124,3,236,3886,819,981,24,0,0,0,0,0,55,67,3,0,0,0,0,0,0,0,0,0,0
1h22,0,0,0,0,0,0,0,0,0,815,172,218,3,436,5608,1160,1435,23,0,0,0,0,0,99,117,2,0,0,0,0,0,0,0,0,0,0
1h23,0,0,0,0,0,0,0,0,0,809,170,214,3,437,6011,1245,1521,23,0,0,0,0,0,99,115,2,0,0,0,0,0,0,0,0,0,0
1k1i,0,0,0,0,0,0,0,0,0,620,179,210,16,565,3015,858,1057,90,0,0,0,0,0,162,203,18,0,34,2,0,0,0,0,0,93,30
1lpg,0,0,0,0,0,0,0,0,0,788,222,248,18,244,4192,1309,1368,116,0,0,0,0,0,82,81,7,0,0,0,0,0,0,0,0,0,0
1mq6,0,0,0,0,0,14,0,0,0,712,197,226,16,454,3132,872,983,79,0,0,0,0,0,126,139,10,0,37,3,472,142,152,0,0,109,32
1nc1,0,0,0,0,0,0,0,0,0,882,234,263,8,662,2640,690,785,24,0,0,0,0,0,172,202,6,0,64,3,0,0,0,0,0,190,54
1nc3,0,0,0,0,0,0,0,0,0,1119,299,320,10,869,2209,596,652,20,0,0,0,0,0,227,269,9,0,0,0,0,0,0,0,0,0,0
1nvq,0,0,0,0,0,0,0,0,0,685,175,218,4,727,4893,1251,1528,27,0,0,0,0,0,184,233,4,0,0,0,0,0,0,0,0,0,0
1o0h,0,0,0,0,0,0,0,0,0,561,168,168,18,1181,1083,340,322,34,0,0,0,261,87,378,341,23,0,0,0,0,0,0,75,4,0,0
1o3f,0,0,0,0,0,0,0,0,0,527,153,180,12,151,2914,794,980,87,0,0,0,0,0,42,49,4,0,0,0,0,0,0,0,0,0,0
1o5b,0,136,42,44,3,0,0,0,0,417,114,116,9,0,1559,437,499,42,0,0,0,0,0,0,0,0,0,63,7,0,0,0,0,0,209,56
1owh,0,0,0,0,0,0,0,0,0,645,180,193,14,119,2908,846,913,74,0,0,0,0,0,40,44,4,0,0,0,0,0,0,0,0,0,0
1oyt,0,0,0,0,0,0,0,0,0,690,192,230,19,325,3813,1003,1187,86,37,46,1,0,0,78,95,9,152,0,0,0,0,0,0,0,0,0
1p1n,0,0,0,0,0,0,0,0,0,215,51,64,4,866,2091,503,621,30,0,0,0,0,0,203,254,11,0,0,0,0,0,0,0,0,0,0
1p1q,0,0,0,0,0,0,0,0,0,474,114,136,7,934,1640,390,481,30,0,0,0,0,0,229,273,14,0,0,0,0,0,0,0,0,0,0
1ps3,0,0,0,0,0,0,0,0,0,388,103,109,2,1191,1622,421,459,8,0,0,0,0,0,303,347,4,0,0,0,0,0,0,0,0,0,0
1pxn,0,0,0,0,0,0,0,0,0,1053,263,268,0,157,3016,725,762,0,0,0,0,0,0,39,40,0,0,52,0,0,0,0,0,0,215,53
1q8t,0,0,0,0,0,0,0,0,0,606,156,169,4,217,2904,731,837,25,0,0,0,0,0,51,57,2,0,0,0,0,0,0,0,0,0,0
1q8u,0,0,0,0,0,0,0,0,0,592,153,178,4,392,3245,810,970,33,0,0,0,0,0,112,123,4,0,63,2,0,0,0,0,0,207,54
1qf1,0,0,0,0,0,0,0,0,0,372,94,112,1,664,3402,925,1098,13,0,0,0,0,0,178,210,2,0,57,1,0,0,0,0,0,193,55
1qkt,0,0,0,0,0,0,0,0,0,0,0,0,0,395,3783,875,881,123,0,0,0,0,0,90,89,9,0,0,0,0,0,0,0,0,0,0
1r5y,0,0,0,0,0,0,0,0,0,807,203,241,16,186,1522,397,461,41,0,0,0,0,0,49,60,5,0,0,0,0,0,0,0,0,0,0
1s38,0,0,0,0,0,0,0,0,0,630,159,197,13,192,1734,471,532,44,0,0,0,0,0,48,63,5,0,0,0,0,0,0,0,0,0,0
1sqa,0,0,0,0,0,0,0,0,0,1037,300,318,22,115,3365,985,1073,84,0,0,0,0,0,34,42,4,0,0,0,0,0,0,0,0,0,0
1syi,0,0,0,0,0,0,0,0,0,673,158,194,12,906,2293,528,654,42,0,0,0,0,0,199,251,11,0,0,0,0,0,0,0,0,0,0
1u1b,0,0,0,0,0,0,0,0,0,868,253,244,26,2088,2414,726,657,62,0,0,0,386,142,683,596,38,0,0,0,0,0,0,118,7,0,0
1uto,0,0,0,0,0,0,0,0,0,197,56,62,5,0,1282,362,447,38,0,0,0,0,0,0,0,0,0,0,0,0,0,0,0,0,0,0
1vso,0,0,0,0,0,0,0,0,0,348,85,107,6,1108,1913,445,560,41,0,0,0,139,38,260,343,13,0,0,0,0,0,0,47,2,0,0
1w4o,0,0,0,0,0,0,0,0,0,313,80,77,8,1246,1228,343,299,29,0,0,0,142,47,362,336,25,0,0,0,0,0,0,41,3,0,0
1y6r,0,0,0,0,0,0,0,0,0,1116,293,323,10,441,2624,700,778,24,0,0,0,0,0,109,132,4,0,65,2,0,0,0,0,0,193,53
1yc1,0,0,0,0,0,0,0,0,0,375,105,126,4,1035,3592,950,1153,29,0,0,0,0,0,276,335,8,0,0,0,0,0,0,0,0,0,0
1ydr,0,0,0,0,0,0,0,0,0,631,161,181,4,403,2942,733,867,36,0,0,0,0,0,114,125,5,0,63,3,0,0,0,0,0,213,58
1ydt,4,0,0,0,0,0,185,50,52,631,161,177,4,415,3966,985,1177,49,0,0,0,0,0,114,124,6,0,65,3,0,0,0,0,0,214,58
1z6e,0,0,0,0,0,0,0,0,0,1175,331,378,25,376,3370,969,1069,82,163,148,13,0,0,106,123,11,458,0,0,0,0,0,0,0,0,0
1z95,0,0,0,0,0,0,0,0,0,456,103,111,14,900,4142,952,965,113,219,219,25,0,0,201,221,24,911,56,6,0,0,0,0,0,223,51
1z9g,0,0,0,0,0,0,0,0,0,185,45,57,0,458,2282,622,753,10,0,0,0,0,0,118,146,1,0,59,1,0,0,0,0,0,188,54
2al5,0,0,0,0,0,0,0,0,0,667,159,196,10,896,1583,367,452,25,53,64,5,0,0,204,254,12,226,0,0,0,0,0,0,0,0,0
2br1,0,0,0,0,0,0,0,0,0,590,145,180,3,603,3408,863,1098,21,0,0,0,0,0,156,194,3,0,0,0,0,0,0,0,0,0,0
2brb,0,0,0,0,0,0,0,0,0,582,144,182,3,374,3145,809,1039,20,0,0,0,0,0,93,112,2,0,0,0,0,0,0,0,0,0,0
2c3i,0,0,0,0,0,0,0,0,0,788,187,226,0,183,3405,846,974,0,0,0,0,0,0,43,51,0,0,0,0,0,0,0,0,0,0,0
2cbv,0,0,0,0,0,0,0,0,0,231,61,63,1,951,1651,454,443,7,0,0,0,0,0,256,255,5,0,0,0,0,0,0,0,0,0,0
2cet,0,0,0,0,0,0,0,0,0,457,123,116,2,951,3580,926,909,16,0,0,0,0,0,253,250,6,0,0,0,0,0,0,0,0,0,0
2fvd,0,0,0,0,0,0,0,0,0,900,226,236,0,681,3306,822,869,0,91,98,0,0,0,169,173,1,414,38,0,0,0,0,0,0,136,33
2fxs,0,0,0,0,0,2,0,0,0,145,39,48,1,1254,2849,740,881,18,0,0,0,0,0,319,384,8,0,0,0,208,51,59,0,0,0,0
2hb1,2,0,0,0,0,0,154,51,49,0,0,0,0,866,1114,375,349,12,0,0,0,0,0,276,244,11,0,48,2,0,0,0,0,0,128,47
2iwx,0,0,0,0,0,2,0,0,0,0,0,0,0,961,3059,797,977,18,0,0,0,0,0,248,288,5,0,0,0,213,51,61,0,0,0,0
2j78,0,0,0,0,0,0,0,0,0,457,117,117,2,1175,1408,378,385,6,0,0,0,0,0,307,310,7,0,0,0,0,0,0,0,0,0,0
2j7h,0,0,0,0,0,0,0,0,0,460,122,122,2,702,1193,325,318,5,0,0,0,0,0,190,190,4,0,0,0,0,0,0,0,0,0,0
2p15,0,0,0,0,0,0,0,0,0,0,0,0,0,427,5931,1339,1345,190,159,158,24,0,0,101,94,11,619,0,0,0,0,0,0,0,0,0
2p4y,0,0,0,0,0,4,0,0,0,379,91,95,8,1032,5443,1222,1259,113,155,145,12,0,0,233,248,19,693,0,0,210,54,46,0,0,0,0
2pog,0,0,0,0,0,0,0,0,0,0,0,0,0,649,3856,901,921,131,0,0,0,0,0,146,152,18,0,0,0,0,0,0,0,0,0,0
2qbp,2,0,0,0,0,0,168,56,50,234,76,67,4,1164,3281,1089,964,48,0,0,0,0,0,364,338,15,0,92,4,0,0,0,0,0,271,91
2qbq,2,0,0,0,0,0,168,56,47,102,33,32,2,858,2894,988,862,40,0,0,0,0,0,283,247,10,0,48,2,0,0,0,0,0,128,49
2qbr,2,0,0,0,0,0,163,51,50,97,34,32,2,860,2606,898,785,40,0,0,0,0,0,276,248,11,0,48,2,0,0,0,0,0,129,49
2qe4,0,0,0,0,0,0,0,0,0,0,0,0,0,817,3991,900,951,136,0,0,0,0,0,191,208,25,0,0,0,0,0,0,0,0,0,0
2qnq,0,0,0,0,0,0,0,0,0,616,159,179,0,725,5389,1494,1609,3,0,0,0,0,0,191,219,0,0,116,0,381,101,109,0,0,372,102
2r9w,0,0,0,0,0,0,0,0,0,155,49,56,0,933,2954,986,1053,0,0,0,0,0,0,284,323,0,0,0,0,0,0,0,0,0,0,0
2v00,0,0,0,0,0,0,0,0,0,564,124,190,0,146,2145,512,802,0,0,0,0,0,0,32,54,0,0,0,0,0,0,0,0,0,0,0
2v7a,0,0,0,0,0,0,0,0,0,947,236,287,9,551,4004,1034,1226,49,0,0,0,0,0,141,165,7,0,0,0,0,0,0,0,0,0,0
2vkm,0,0,0,0,0,0,0,0,0,684,185,223,3,1004,6300,1696,1968,16,0,0,0,0,0,265,308,2,0,49,0,0,0,0,0,0,139,39
2vvn,0,0,0,0,0,0,0,0,0,442,112,124,5,842,1955,498,531,21,0,0,0,0,0,209,227,7,0,58,2,0,0,0,0,0,223,59
2vw5,0,0,0,0,0,0,0,0,0,375,77,106,2,925,4291,1090,1360,33,0,0,0,0,0,230,285,7,0,0,0,0,0,0,0,0,0,0
2w4x,0,0,0,0,0,0,0,0,0,587,144,156,8,1289,1515,370,389,13,0,0,0,0,0,325,338,12,0,0,0,0,0,0,0,0,0,0
2w66,0,0,0,0,0,0,0,0,0,426,107,117,5,1056,1938,508,533,20,0,0,0,0,0,268,286,8,0,0,0,0,0,0,0,0,0,0
2wbg,0,0,0,0,0,0,0,0,0,444,119,121,2,1180,3073,805,791,19,0,0,0,0,0,310,303,6,0,0,0,0,0,0,0,0,0,0
2wca,0,0,0,0,0,0,0,0,0,439,115,128,4,1202,2522,615,695,25,0,0,0,0,0,301,326,9,0,0,0,0,0,0,0,0,0,0
2weg,0,0,0,0,0,0,0,0,0,244,68,62,1,493,1289,354,313,6,62,58,1,0,0,134,122,2,225,65,1,0,0,0,0,0,243,70
2wer,0,0,0,0,0,2,0,0,0,0,0,0,0,1102,3094,798,992,18,0,0,0,0,0,283,331,7,0,0,0,216,52,58,0,0,0,0
2wn9,0,0,0,0,0,0,0,0,0,384,90,112,6,296,3105,742,951,57,0,0,0,0,0,67,85,7,0,0,0,0,0,0,0,0,0,0
2wnc,0,0,0,0,0,0,0,0,0,380,85,112,6,366,2974,740,921,51,0,0,0,0,0,84,116,6,0,0,0,0,0,0,0,0,0,0
2wtv,0,0,0,0,0,0,0,0,0,752,198,216,0,195,4559,1176,1212,0,102,118,0,0,0,46,50,0,421,0,0,170,41,42,0,0,0,0
2wvt,0,0,0,0,0,0,0,0,0,206,65,53,2,1011,1402,446,371,15,0,0,0,0,0,312,265,11,0,0,0,0,0,0,0,0,0,0
2x00,0,0,0,0,0,0,0,0,0,197,49,56,3,605,5495,1367,1737,89,0,0,0,0,0,149,193,9,0,0,0,0,0,0,0,0,0,0
2xb8,0,0,0,0,0,0,0,0,0,0,0,0,0,1404,3046,979,891,0,0,0,0,0,0,433,414,0,0,0,0,0,0,0,0,0,0,0
2xbv,0,0,0,0,0,7,0,0,0,747,221,236,22,391,3463,970,1097,93,123,124,10,0,0,110,116,7,362,0,0,226,60,68,0,0,0,0
2xdl,0,0,0,0,0,0,0,0,0,188,50,64,2,661,2443,605,782,21,0,0,0,0,0,165,199,5,0,0,0,0,0,0,0,0,0,0
2xii,0,0,0,0,0,0,0,0,0,379,115,99,4,932,3343,1043,886,36,0,0,0,0,0,281,237,10,0,0,0,0,0,0,0,0,0,0
2xj7,0,0,0,0,0,0,0,0,0,427,109,120,4,861,2105,542,585,20,0,0,0,0,0,216,232,8,0,0,0,0,0,0,0,0,0,0
2xnb,0,0,0,0,0,0,0,0,0,1090,281,284,0,231,3506,866,905,2,0,0,0,0,0,48,59,0,0,59,0,0,0,0,0,0,236,54
2xys,0,0,0,0,0,0,0,0,0,386,99,120,6,331,3846,991,1252,67,0,0,0,0,0,91,115,7,0,0,0,0,0,0,0,0,0,0
2y5h,0,0,0,0,0,7,0,0,0,549,152,175,14,422,3157,915,988,91,0,0,0,0,0,121,134,13,0,69,6,223,59,70,0,0,208,58
2yfe,0,0,0,0,0,0,0,0,0,0,0,0,0,718,4076,922,934,93,0,0,0,0,0,160,168,14,0,0,0,0,0,0,0,0,0,0
2yge,0,0,0,0,0,0,0,0,0,371,85,106,2,1355,4323,1177,1405,34,0,0,0,0,0,364,431,10,0,0,0,0,0,0,0,0,0,0
2yki,0,0,0,0,0,0,0,0,0,1212,286,331,11,199,5430,1265,1482,51,0,0,0,0,0,47,61,1,0,0,0,0,0,0,0,0,0,0
2ymd,0,0,0,0,0,0,0,0,0,435,104,119,6,208,2068,518,610,30,0,0,0,0,0,49,57,3,0,0,0,0,0,0,0,0,0,0
2zb1,0,0,0,0,0,0,0,0,0,570,146,151,4,374,3955,978,1076,33,0,0,0,0,0,99,106,2,0,0,0,0,0,0,0,0,0,0
2zcq,0,0,0,0,0,0,0,0,0,0,0,0,0,1363,3422,866,958,36,0,0,0,201,58,369,430,11,0,59,2,0,0,0,64,2,177,46
2zcr,0,0,0,0,0,0,0,0,0,0,0,0,0,974,4315,1074,1185,53,0,0,0,180,51,276,314,6,0,50,0,0,0,0,56,1,156,43
2zda,0,0,0,0,0,0,0,0,0,855,228,269,21,313,3585,946,1105,79,0,0,0,0,0,84,101,9,0,0,0,0,0,0,0,0,0,0
2zy1,0,0,0,0,0,0,0,0,0,195,50,57,3,971,3719,909,1000,49,0,0,0,186,50,252,288,11,0,0,0,0,0,0,55,2,0,0
3acw,0,0,0,0,0,0,0,0,0,200,54,59,3,216,4230,1035,1132,53,0,0,0,0,0,56,59,3,0,0,0,0,0,0,0,0,0,0
3ag9,0,0,0,0,0,0,0,0,0,2180,520,660,20,991,4518,1145,1429,42,0,0,0,0,0,251,308,9,0,0,0,0,0,0,0,0,0,0
3ao4,0,0,0,0,0,0,0,0,0,470,124,129,0,438,2176,580,560,0,0,0,0,0,0,114,109,0,0,0,0,0,0,0,0,0,0,0
3arp,0,0,0,0,0,0,0,0,0,603,147,168,1,0,4721,1188,1360,16,0,0,0,0,0,0,0,0,0,0,0,0,0,0,0,0,0,0
3arq,0,0,0,0,0,0,0,0,0,95,23,32,0,1185,3651,914,1039,20,0,0,0,0,0,297,360,6,0,0,0,0,0,0,0,0,0,0
3aru,0,0,0,0,0,0,0,0,0,521,135,161,2,481,1920,487,576,11,0,0,0,0,0,119,142,3,0,0,0,0,0,0,0,0,0,0
3arv,0,0,0,0,0,0,0,0,0,128,36,40,1,535,2918,717,811,15,0,0,0,0,0,122,147,2,0,0,0,0,0,0,0,0,0,0
3ary,0,0,0,0,0,0,0,0,0,454,107,119,3,159,1889,459,522,11,0,0,0,0,0,40,46,1,0,45,0,0,0,0,0,0,157,41
3b1m,0,0,0,0,0,0,0,0,0,208,49,46,4,1099,5566,1336,1348,110,0,0,0,0,0,258,286,22,0,0,0,0,0,0,0,0,0,0
3b27,0,0,0,0,0,2,0,0,0,807,203,243,8,0,1887,484,591,15,0,0,0,0,0,0,0,0,0,60,2,226,56,67,0,0,176,53
3b5r,0,0,0,0,0,4,0,0,0,465,104,104,14,712,4192,974,959,116,221,210,27,0,0,156,163,19,916,0,0,228,54,55,0,0,0,0
3b65,0,235,56,55,8,0,0,0,0,689,154,164,19,707,4206,970,959,114,0,0,0,0,0,159,161,18,0,0,0,0,0,0,0,0,0,0
3b68,0,0,0,0,0,0,0,0,0,694,157,164,18,1371,4408,1026,1012,119,174,164,23,0,0,312,315,39,700,0,0,0,0,0,0,0,0,0
3bgz,0,0,0,0,0,0,0,0,0,206,52,59,0,434,3948,970,1125,0,0,0,0,0,0,106,112,1,0,0,0,0,0,0,0,0,0,0
3bv9,0,0,0,0,0,0,0,0,0,1156,317,364,29,567,4418,1178,1334,98,0,0,0,0,0,152,165,13,0,0,0,0,0,0,0,0,0,0
3cj4,2,0,0,0,0,0,218,55,53,268,88,66,2,459,2572,786,624,23,0,0,0,0,0,148,115,4,0,0,0,0,0,0,0,0,0,0
3coy,0,0,0,0,0,0,0,0,0,1282,373,357,10,1428,3247,833,808,24,0,0,0,0,0,376,357,10,0,47,1,0,0,0,0,0,193,53
3coz,0,0,0,0,0,0,0,0,0,1285,378,361,10,1436,3026,796,769,20,0,0,0,0,0,384,358,9,0,47,1,0,0,0,0,0,194,56
3d4z,0,0,0,0,0,0,0,0,0,389,104,113,2,870,1650,428,472,8,0,0,0,0,0,217,255,3,0,0,0,0,0,0,0,0,0,0
3d6q,0,0,0,0,0,0,0,0,0,387,113,99,9,722,1524,484,384,31,0,0,0,0,0,221,194,17,0,0,0,0,0,0,0,0,0,0
3dd0,0,0,0,0,0,0,0,0,0,462,129,114,2,651,1625,449,386,9,0,0,0,0,0,177,159,3,0,114,2,0,0,0,0,0,460,128
3dx1,0,0,0,0,0,0,0,0,0,207,56,57,2,658,1064,260,306,5,0,0,0,0,0,163,188,3,0,0,0,0,0,0,0,0,0,0
3dx2,0,0,0,0,0,0,0,0,0,209,56,57,1,864,1278,320,375,6,0,0,0,0,0,216,244,4,0,59,1,0,0,0,0,0,208,54
3dxg,0,0,0,0,0,0,0,0,0,311,85,75,8,1031,1228,361,296,28,0,0,0,69,29,335,278,22,0,0,0,0,0,0,21,1,0,0
3e5a,0,0,0,0,0,0,0,0,0,1356,344,351,0,186,3902,1021,1056,0,0,0,0,0,0,48,54,0,0,43,0,0,0,0,0,0,164,45
3e92,0,0,0,0,0,0,0,0,0,549,150,157,3,367,4122,1018,1109,30,0,0,0,0,0,105,104,4,0,0,0,0,0,0,0,0,0,0
3e93,0,0,0,0,0,0,0,0,0,667,180,183,8,574,5485,1393,1472,54,0,0,0,0,0,152,159,6,0,0,0,0,0,0,0,0,0,0
3ebp,0,0,0,0,0,2,0,0,0,77,22,17,2,635,2809,789,751,26,0,0,0,0,0,187,167,4,0,0,0,149,40,39,0,0,0,0
3ehy,0,0,0,0,0,0,0,0,0,152,42,41,1,858,1818,462,484,10,0,0,0,0,0,222,236,5,0,46,1,0,0,0,0,0,158,43
3ejr,0,0,0,0,0,0,0,0,0,216,50,61,1,848,3256,830,980,9,0,0,0,0,0,209,244,4,0,0,0,0,0,0,0,0,0,0
3f3a,0,0,0,0,0,0,0,0,0,444,108,140,3,433,2434,599,756,8,0,0,0,0,0,102,126,2,0,0,0,0,0,0,0,0,0,0
3f3c,0,0,0,0,0,0,0,0,0,238,58,72,3,464,2149,530,663,25,57,70,3,0,0,113,140,3,253,0,0,0,0,0,0,0,0,0
3f3d,0,0,0,0,0,0,0,0,0,238,58,72,3,462,1189,291,368,11,0,0,0,0,0,114,138,3,0,73,4,0,0,0,0,0,237,62
3f3e,0,0,0,0,0,0,0,0,0,240,59,73,3,470,1444,357,448,14,0,0,0,0,0,113,139,3,0,0,0,0,0,0,0,0,0,0
3fcq,0,0,0,0,0,0,0,0,0,0,0,0,0,804,1877,493,578,7,0,0,0,0,0,229,261,5,0,0,0,0,0,0,0,0,0,0
3fur,0,0,0,0,0,18,0,0,0,376,82,89,8,643,3997,906,913,86,0,0,0,0,0,154,147,12,0,49,4,829,183,174,0,0,230,50
3fv1,0,0,0,0,0,0,0,0,0,463,108,132,8,1617,2707,649,777,46,0,0,0,0,0,378,452,24,0,0,0,0,0,0,0,0,0,0
3fv2,0,0,0,0,0,0,0,0,0,226,53,63,4,1840,2482,600,724,40,0,0,0,0,0,433,524,28,0,0,0,0,0,0,0,0,0,0
3g0w,0,0,0,0,0,7,0,0,0,705,161,157,22,466,3503,792,792,103,154,161,17,0,0,106,117,14,677,0,0,233,54,48,0,0,0,0
3g2n,0,0,0,0,0,0,0,0,0,207,67,68,0,1235,2679,823,874,12,0,0,0,0,0,395,418,9,0,0,0,0,0,0,0,0,0,0
3g2z,0,0,0,0,0,0,0,0,0,846,262,331,8,95,887,307,357,8,0,0,0,0,0,33,40,1,0,0,0,0,0,0,0,0,0,0
3g31,0,0,0,0,0,0,0,0,0,83,25,26,1,278,1197,331,360,12,0,0,0,0,0,75,83,4,0,0,0,0,0,0,0,0,0,0
3gbb,0,0,0,0,0,0,0,0,0,223,51,62,4,1332,2422,587,704,46,0,0,0,0,0,318,374,23,0,0,0,0,0,0,0,0,0,0
3gc5,0,0,0,0,0,0,0,0,0,1336,340,394,29,190,2231,582,681,60,0,0,0,0,0,48,62,5,0,0,0,0,0,0,0,0,0,0
3ge7,0,0,0,0,0,0,0,0,0,1266,315,381,31,182,3205,840,962,91,0,0,0,0,0,46,59,5,0,0,0,0,0,0,0,0,0,0
3gnw,0,0,0,0,0,0,0,0,0,434,141,147,8,875,5776,1680,1756,78,49,53,2,0,0,261,257,16,175,48,4,0,0,0,0,0,185,48
3gr2,0,0,0,0,0,0,0,0,0,746,258,285,0,134,990,324,360,0,0,0,0,0,0,41,51,0,0,0,0,0,0,0,0,0,0,0
3gv9,0,0,0,0,0,0,0,0,0,157,54,58,0,541,1095,358,383,0,0,0,0,0,0,162,177,0,0,52,0,0,0,0,0,0,155,50
3gy4,0,0,0,0,0,0,0,0,0,536,151,178,13,0,1191,340,409,33,0,0,0,0,0,0,0,0,0,0,0,0,0,0,0,0,0,0
3ivg,0,0,0,0,0,0,0,0,0,378,113,99,4,1046,3704,1036,986,38,0,0,0,0,0,307,279,9,0,49,1,0,0,0,0,0,200,53
3jvr,0,0,0,0,0,4,0,0,0,262,59,80,3,181,1546,354,478,21,0,0,0,0,0,43,56,2,0,0,0,338,72,96,0,0,0,0
3jvs,0,0,0,0,0,0,0,0,0,416,102,124,6,463,2214,503,684,29,0,0,0,0,0,105,130,5,0,0,0,0,0,0,0,0,0,0
3jya,0,0,0,0,0,0,0,0,0,397,96,112,0,220,2013,505,574,0,0,0,0,0,0,54,58,0,0,59,0,377,97,109,0,0,222,53
3k5v,0,0,0,0,0,0,0,0,0,579,142,161,15,301,2863,689,774,66,144,150,15,0,0,73,80,5,713,0,0,0,0,0,0,0,0,0
3kgp,0,0,0,0,0,0,0,0,0,210,59,65,5,285,1445,388,455,41,0,0,0,0,0,87,102,8,0,0,0,0,0,0,0,0,0,0
3kr8,0,0,0,0,0,0,0,0,0,432,106,110,3,229,2765,679,714,15,106,106,0,0,0,55,58,2,425,60,2,0,0,0,0,0,213,54
3kwa,0,0,0,0,0,0,0,0,0,859,229,207,4,0,2130,563,509,12,0,0,0,0,0,0,0,0,0,0,0,0,0,0,0,0,0,0
3l7b,0,0,0,0,0,0,0,0,0,619,190,203,0,1008,2032,641,695,11,65,71,2,0,0,325,337,7,208,0,0,0,0,0,0,0,0,0
3lka,0,0,0,0,0,0,0,0,0,149,39,42,1,530,1349,317,352,7,0,0,0,0,0,130,140,3,0,48,1,0,0,0,0,0,161,43
3mss,0,0,0,0,0,0,0,0,0,114,31,32,3,224,2420,530,549,53,0,0,0,0,0,52,53,5,0,0,0,0,0,0,0,0,0,0
3myg,0,0,0,0,0,0,0,0,0,1372,364,369,0,104,2996,800,796,0,0,0,0,0,0,28,29,0,0,38,0,0,0,0,0,0,138,36
3n76,0,0,0,0,0,0,0,0,0,0,0,0,0,1248,3146,1014,965,4,0,0,0,0,0,374,367,1,0,0,0,0,0,0,0,0,0,0
3n7a,0,0,0,0,0,0,0,0,0,0,0,0,0,1018,1456,440,423,0,0,0,0,0,0,310,295,0,0,0,0,0,0,0,0,0,0,0
3n86,0,0,0,0,0,0,0,0,0,196,67,60,0,1228,3172,1005,956,5,0,0,0,0,0,378,359,1,0,0,0,0,0,0,0,0,0,0
3nq9,0,0,0,0,0,0,0,0,0,0,0,0,0,272,1438,349,354,23,0,0,0,0,0,63,68,6,0,0,0,0,0,0,0,0,0,0
3nw9,0,0,0,0,0,0,0,0,0,848,222,256,15,1050,4030,1024,1201,75,22,24,2,0,0,270,304,22,81,0,0,0,0,0,0,0,0,0
3nx7,0,0,0,0,0,0,0,0,0,311,81,94,2,949,1847,457,500,11,0,0,0,0,0,241,267,5,0,46,1,0,0,0,0,0,151,42
3o9i,0,0,0,0,0,0,0,0,0,559,160,166,0,1308,5336,1487,1600,3,0,0,0,0,0,353,391,0,0,104,1,0,0,0,0,0,332,93
3oe4,0,0,0,0,0,0,0,0,0,941,246,277,17,1214,2997,761,888,64,0,0,0,0,0,304,346,28,0,0,0,0,0,0,0,0,0,0
3oe5,0,0,0,0,0,0,0,0,0,460,116,132,7,1214,3043,764,897,66,0,0,0,0,0,308,346,27,0,48,3,0,0,0,0,0,151,38
3ozs,0,0,0,0,0,0,0,0,0,619,161,176,12,1211,2876,727,842,65,145,160,6,0,0,305,343,28,572,0,0,0,0,0,0,0,0,0
3ozt,0,0,0,0,0,0,0,0,0,454,115,129,9,1374,3012,770,889,66,0,0,0,0,0,346,390,29,0,0,0,0,0,0,0,0,0,0
3p5o,0,0,0,0,0,2,0,0,0,875,198,240,13,238,3123,689,834,56,0,0,0,0,0,52,69,4,0,0,0,88,20,19,0,0,0,0
3prs,0,0,0,0,0,0,0,0,0,902,199,327,0,822,5814,1355,2166,0,0,0,0,0,0,187,297,0,0,121,0,0,0,0,0,0,322,75
3pww,0,0,0,0,0,0,0,0,0,954,214,334,0,785,6073,1455,2267,0,0,0,0,0,0,182,290,0,0,0,0,0,0,0,0,0,0,0
3pxf,0,0,0,0,0,0,0,0,0,143,35,35,0,372,2425,603,596,0,0,0,0,0,0,84,82,0,0,32,0,0,0,0,0,0,131,29
3pyy,0,0,0,0,0,0,0,0,0,618,152,140,18,287,2938,674,695,72,49,54,6,0,0,73,70,9,238,0,0,0,0,0,0,0,0,0
3qgy,0,0,0,0,0,0,0,0,0,680,181,193,12,243,3449,945,1005,61,0,0,0,0,0,71,76,3,0,90,5,0,0,0,0,0,317,87
3qqs,0,0,0,0,0,0,0,0,0,171,51,38,3,630,2421,740,561,44,0,0,0,0,0,205,157,7,0,0,0,0,0,0,0,0,0,0
3r88,0,0,0,0,0,0,0,0,0,144,49,27,3,555,1373,439,317,23,0,0,0,0,0,181,132,10,0,0,0,0,0,0,0,0,0,0
3rlr,0,0,0,0,0,5,0,0,0,827,201,239,7,165,3172,777,956,27,0,0,0,0,0,41,50,1,0,0,0,430,97,120,0,0,0,0
3rr4,0,0,0,0,0,0,0,0,0,1114,273,340,28,189,1997,499,616,56,0,0,0,0,0,47,61,6,0,0,0,0,0,0,0,0,0,0
3rsx,0,0,0,0,0,0,0,0,0,376,96,108,2,0,2213,572,628,2,0,0,0,0,0,0,0,0,0,34,0,0,0,0,0,0,143,29
3ryj,0,0,0,0,0,0,0,0,0,419,109,97,2,666,1744,484,434,9,94,91,3,0,0,192,171,3,395,64,1,0,0,0,0,0,244,68
3syr,0,0,0,0,0,0,0,0,0,416,135,138,0,1453,2077,661,706,11,59,62,0,0,0,463,493,10,196,0,0,0,0,0,0,0,0,0
3tsk,0,0,0,0,0,0,0,0,0,393,98,121,1,569,4358,1038,1176,19,0,0,0,0,0,152,182,1,0,48,1,0,0,0,0,0,188,43
3twp,0,0,0,0,0,0,0,0,0,0,0,0,0,457,980,312,208,16,0,0,0,0,0,149,106,7,0,0,0,0,0,0,0,0,0,0
3u5j,0,0,0,0,0,2,0,0,0,760,177,207,11,0,2573,570,678,47,0,0,0,0,0,0,0,0,0,0,0,114,25,30,0,0,0,0
3u8k,0,0,0,0,0,0,0,0,0,635,157,180,9,200,2472,618,692,36,0,0,0,0,0,50,58,3,0,0,0,0,0,0,0,0,0,0
3u8n,3,0,0,0,0,0,210,48,54,652,161,185,9,209,2531,641,709,36,0,0,0,0,0,52,59,3,0,0,0,0,0,0,0,0,0,0
3u9q,0,0,0,0,0,0,0,0,0,0,0,0,0,442,2145,460,413,43,0,0,0,0,0,107,93,4,0,0,0,0,0,0,0,0,0,0
3udh,0,0,0,0,0,0,0,0,0,365,87,106,1,165,2061,539,605,2,0,0,0,0,0,43,55,0,0,0,0,0,0,0,0,0,0,0
3ueu,0,0,0,0,0,0,0,0,0,0,0,0,0,304,2592,598,623,42,0,0,0,0,0,68,79,5,0,0,0,0,0,0,0,0,0,0
3uev,0,0,0,0,0,0,0,0,0,0,0,0,0,241,2865,682,702,49,0,0,0,0,0,64,68,3,0,0,0,0,0,0,0,0,0,0
3uew,0,0,0,0,0,0,0,0,0,0,0,0,0,206,3149,751,796,53,0,0,0,0,0,55,61,4,0,0,0,0,0,0,0,0,0,0
3uex,0,0,0,0,0,0,0,0,0,0,0,0,0,212,3633,859,886,57,0,0,0,0,0,58,62,4,0,0,0,0,0,0,0,0,0,0
3ui7,0,0,0,0,0,0,0,0,0,808,183,213,14,354,3380,780,911,60,0,0,0,0,0,85,98,5,0,0,0,0,0,0,0,0,0,0
3uo4,0,0,0,0,0,0,0,0,0,772,212,208,0,234,4041,1101,1082,0,0,0,0,0,0,61,53,0,0,0,0,0,0,0,0,0,0,0
3up2,0,0,0,0,0,0,0,0,0,778,211,208,0,427,3107,828,822,0,154,150,0,0,0,117,104,0,600,0,0,0,0,0,0,0,0,0
3uri,0,0,0,0,0,0,0,0,0,1572,356,553,1,1177,6112,1415,2268,0,0,0,0,0,0,258,437,0,0,55,0,0,0,0,0,0,138,34
3utu,0,0,0,0,0,1,0,0,0,1001,266,324,25,790,4326,1140,1340,96,0,0,0,0,0,206,235,17,0,36,3,175,42,54,0,0,121,31
3uuo,0,0,0,0,0,0,0,0,0,966,224,259,18,145,3014,674,784,51,0,0,0,0,0,31,34,3,0,0,0,0,0,0,0,0,0,0
3wtj,0,0,0,0,0,3,0,0,0,778,182,237,12,0,2142,521,630,30,0,0,0,0,0,0,0,0,0,61,3,214,50,56,0,0,204,47
3wz8,0,0,0,0,0,0,0,0,0,479,113,176,0,310,4262,986,1598,0,0,0,0,0,0,66,113,0,0,53,0,0,0,0,0,0,151,35
3zdg,0,0,0,0,0,0,0,0,0,443,108,122,6,433,1942,486,539,27,0,0,0,0,0,110,115,6,0,0,0,0,0,0,0,0,0,0
3zso,0,0,0,0,0,0,0,0,0,207,63,67,2,829,3869,1098,1172,43,0,0,0,0,0,228,250,8,0,0,0,0,0,0,0,0,0,0
3zsx,0,0,0,0,0,0,0,0,0,224,67,72,2,596,3223,919,966,35,0,0,0,0,0,168,177,5,0,0,0,0,0,0,0,0,0,0
3zt2,0,0,0,0,0,0,0,0,0,0,0,0,0,617,2733,763,787,29,0,0,0,0,0,179,185,5,0,0,0,0,0,0,0,0,0,0
4abg,0,0,0,0,0,0,0,0,0,413,119,145,11,0,1761,498,615,51,0,0,0,0,0,0,0,0,0,0,0,0,0,0,0,0,0,0
4agn,0,158,39,50,2,0,0,0,0,174,47,57,3,231,2042,530,625,31,0,0,0,0,0,57,69,3,0,0,0,0,0,0,0,0,0,0
4agp,0,158,40,49,2,0,0,0,0,175,47,56,3,234,2461,630,753,37,0,0,0,0,0,60,68,3,0,0,0,0,0,0,0,0,0,0
4agq,0,158,39,50,2,0,0,0,0,282,73,82,4,131,2472,634,753,37,0,0,0,0,0,34,42,2,0,0,0,0,0,0,0,0,0,0
4bkt,0,0,0,0,0,0,0,0,0,396,103,98,0,565,1627,425,386,0,0,0,0,0,0,144,131,0,0,0,0,0,0,0,0,0,0,0
4cig,0,0,0,0,0,0,0,0,0,214,64,66,2,636,3316,964,1014,39,0,0,0,0,0,181,189,6,0,0,0,0,0,0,0,0,0,0
4ciw,0,0,0,0,0,0,0,0,0,0,0,0,0,1246,1900,603,551,0,0,0,0,0,0,398,354,0,0,0,0,0,0,0,0,0,0,0
4cr9,0,0,0,0,0,0,0,0,0,506,151,162,13,0,1693,480,545,43,0,0,0,0,0,0,0,0,0,0,0,0,0,0,0,0,0,0
4cra,0,0,0,0,0,0,0,0,0,823,244,257,19,507,4214,1243,1298,106,0,0,0,0,0,167,151,12,0,0,0,0,0,0,0,0,0,0
4crc,0,0,0,0,0,7,0,0,0,1322,395,421,30,312,3969,1147,1218,110,0,0,0,0,0,103,98,8,0,0,0,215,56,64,0,0,0,0
4ddh,0,0,0,0,0,0,0,0,0,0,0,0,0,719,2044,614,582,18,0,0,0,0,0,216,202,7,0,0,0,0,0,0,0,0,0,0
4ddk,0,0,0,0,0,0,0,0,0,0,0,0,0,729,1466,458,428,11,0,0,0,0,0,222,205,6,0,0,0,0,0,0,0,0,0,0
4de1,0,0,0,0,0,0,0,0,0,1037,316,414,10,134,2082,667,826,23,0,0,0,0,0,45,56,2,0,0,0,0,0,0,0,0,0,0
4de2,0,0,0,0,0,0,0,0,0,917,283,363,9,127,2249,735,889,25,0,0,0,0,0,45,57,2,0,0,0,0,0,0,0,0,0,0
4de3,1,0,0,0,0,0,116,36,42,828,251,328,7,135,1976,639,792,22,0,0,0,0,0,45,55,2,0,0,0,0,0,0,0,0,0,0
4djv,0,0,0,0,0,0,0,0,0,566,136,172,3,352,4185,1100,1238,7,0,0,0,0,0,91,106,1,0,0,0,0,0,0,0,0,0,0
4dld,0,0,0,0,0,5,0,0,0,406,97,115,8,1243,2459,580,691,47,0,0,0,0,0,278,355,17,0,0,0,214,44,59,0,0,0,0
4dli,0,0,0,0,0,0,0,0,0,676,177,181,4,0,2870,736,733,15,0,0,0,0,0,0,0,0,0,0,0,0,0,0,0,0,0,0
4e5w,0,0,0,0,0,0,0,0,0,1081,292,319,8,155,3685,1006,1072,30,0,0,0,0,0,45,48,1,0,0,0,0,0,0,0,0,0,0
4e6q,0,0,0,0,0,0,0,0,0,914,250,251,11,0,3488,963,982,37,0,0,0,0,0,0,0,0,0,0,0,0,0,0,0,0,0,0
4ea2,0,0,0,0,0,0,0,0,0,388,104,119,6,0,4575,1126,1261,59,0,0,0,0,0,0,0,0,0,0,0,0,0,0,0,0,0,0
4eky,0,0,0,0,0,0,0,0,0,416,133,135,0,1446,3101,947,1017,17,0,0,0,0,0,461,485,9,0,0,0,0,0,0,0,0,0,0
4eo8,0,0,0,0,0,0,0,0,0,217,69,53,2,383,3209,905,760,33,0,0,0,0,0,112,95,3,0,37,1,0,0,0,0,0,142,39
4eor,0,0,0,0,0,0,0,0,0,1150,293,299,0,466,3247,843,865,0,0,0,0,0,0,118,125,1,0,34,0,0,0,0,0,0,134,36
4f09,0,0,0,0,0,0,0,0,0,917,237,263,11,0,2586,675,750,35,0,0,0,0,0,0,0,0,0,0,0,0,0,0,0,0,0,0
4f2w,0,0,0,0,0,0,0,0,0,1103,288,321,10,205,2813,748,848,26,0,0,0,0,0,51,65,3,0,60,3,0,0,0,0,0,189,51
4f3c,0,0,0,0,0,0,0,0,0,1105,288,320,10,206,3264,857,988,36,0,0,0,0,0,56,65,3,0,60,3,0,0,0,0,0,191,50
4f9w,0,0,0,0,0,0,0,0,0,684,189,206,5,0,3961,1009,1088,34,0,0,0,0,0,0,0,0,0,0,0,0,0,0,0,0,0,0
4gfm,0,0,0,0,0,4,0,0,0,408,106,114,5,376,2262,620,671,23,0,0,0,0,0,101,107,5,0,0,0,360,108,112,0,0,0,0
4gid,0,0,0,0,0,0,0,0,0,870,238,274,3,962,6177,1674,1935,18,0,0,0,0,0,271,317,1,0,52,0,0,0,0,0,0,138,43
4gkm,0,0,0,0,0,0,0,0,0,156,47,39,3,572,2416,756,562,46,0,0,0,0,0,189,141,6,0,0,0,0,0,0,0,0,0,0
4gr0,0,0,0,0,0,1,87,26,23,547,123,155,2,900,4832,1212,1305,23,0,0,0,163,46,236,256,5,0,0,0,178,41,48,44,1,0,0
4hge,0,0,0,0,0,1,0,0,0,1094,303,324,15,181,3130,849,902,35,0,0,0,0,0,42,49,2,0,0,0,158,42,48,0,0,0,0
4ih5,0,0,0,0,0,0,0,0,0,1102,306,300,20,0,2126,573,583,30,0,0,0,0,0,0,0,0,0,0,0,0,0,0,0,0,0,0
4ih7,0,0,0,0,0,0,0,0,0,199,46,47,4,196,2929,797,782,40,0,0,0,0,0,54,50,4,0,0,0,0,0,0,0,0,0,0
4ivb,0,0,0,0,0,0,0,0,0,918,244,265,7,156,3153,851,902,26,0,0,0,0,0,44,43,2,0,0,0,0,0,0,0,0,0,0
4ivc,0,0,0,0,0,0,0,0,0,933,247,270,7,160,3387,908,970,27,0,0,0,0,0,45,45,2,0,0,0,0,0,0,0,0,0,0
4ivd,0,0,0,0,0,0,0,0,0,896,236,257,7,157,3453,923,1000,29,0,0,0,0,0,44,42,2,0,0,0,0,0,0,0,0,0,0
4j21,0,0,0,0,0,0,0,0,0,342,89,81,2,230,2973,740,759,22,0,0,0,0,0,53,57,2,0,0,0,171,44,45,0,0,0,0
4j28,0,0,0,0,0,0,0,0,0,539,159,141,5,424,1970,590,516,18,0,0,0,0,0,123,113,4,0,0,0,0,0,0,0,0,0,0
4j3l,0,0,0,0,0,0,0,0,0,333,87,81,2,423,3371,847,862,23,0,0,0,0,0,106,103,2,0,0,0,173,45,45,0,0,0,0
4jfs,0,0,0,0,0,0,0,0,0,206,66,56,2,557,2302,702,593,26,0,0,0,0,0,169,139,6,0,0,0,0,0,0,0,0,0,0
4jia,0,0,0,0,0,0,0,0,0,952,242,262,14,129,3711,984,1050,44,0,0,0,0,0,45,44,1,0,0,0,0,0,0,0,0,0,0
4jsz,0,0,0,0,0,0,0,0,0,135,40,30,0,248,576,192,117,0,0,0,0,0,0,77,55,0,0,27,0,0,0,0,0,0,128,38
4jxs,0,0,0,0,0,0,0,0,0,170,50,60,0,950,1895,625,674,0,0,0,0,0,0,288,336,0,0,113,0,0,0,0,0,0,328,102
4k18,0,0,0,0,0,0,0,0,0,929,230,267,0,375,3779,938,1117,0,45,51,0,0,0,90,105,0,173,0,0,0,0,0,0,0,0,0
4k77,0,0,0,0,0,0,0,0,0,781,205,233,6,189,2463,657,708,19,0,0,0,0,0,51,53,2,0,0,0,0,0,0,0,0,0,0
4kz6,0,0,0,0,0,0,0,0,0,151,48,52,0,518,1516,480,522,0,0,0,0,0,0,152,172,0,0,51,0,0,0,0,0,0,155,47
4kzq,0,0,0,0,0,0,0,0,0,0,0,0,0,595,3058,745,781,23,0,0,0,0,0,144,148,5,0,0,0,0,0,0,0,0,0,0
4kzu,1,0,0,0,0,0,146,37,36,0,0,0,0,441,3064,747,786,23,0,0,0,0,0,108,110,5,0,0,0,0,0,0,0,0,0,0
4llx,0,0,0,0,0,0,0,0,0,643,139,162,11,0,1179,276,325,23,0,0,0,0,0,0,0,0,0,0,0,0,0,0,0,0,0,0
4lzs,0,0,0,0,0,0,0,0,0,329,74,83,7,343,1919,441,518,34,0,0,0,0,0,74,92,6,0,0,0,0,0,0,0,0,0,0
4m0y,0,0,0,0,0,0,0,0,0,846,222,236,13,319,2314,637,687,30,0,0,0,0,0,81,94,4,0,0,0,0,0,0,0,0,0,0
4m0z,0,0,0,0,0,0,0,0,0,989,219,247,24,599,3139,691,745,70,0,0,0,0,0,124,134,14,0,0,0,0,0,0,0,0,0,0
4mgd,0,0,0,0,0,23,0,0,0,0,0,0,0,436,3165,725,713,97,0,0,0,0,0,98,93,10,0,0,0,690,159,155,0,0,0,0
4mme,0,0,0,0,0,4,0,0,0,438,109,139,4,214,3489,848,1070,20,0,0,0,0,0,57,69,1,0,0,0,228,48,63,0,0,0,0
4ogj,0,0,0,0,0,0,0,0,0,906,213,230,15,282,3369,739,870,57,0,0,0,0,0,62,75,6,0,28,2,0,0,0,0,0,108,21
4owm,0,0,0,0,0,0,0,0,0,147,48,36,2,222,999,333,217,17,57,40,3,0,0,79,56,3,183,0,0,0,0,0,0,0,0,0
4pcs,0,0,0,0,0,0,0,0,0,205,63,55,2,435,2131,665,550,24,0,0,0,0,0,129,113,4,0,0,0,0,0,0,0,0,0,0
4qac,0,0,0,0,0,0,0,0,0,813,203,245,12,0,3466,860,1021,51,148,167,9,0,0,0,0,0,627,0,0,0,0,0,0,0,0,0
4qd6,0,0,0,0,0,0,0,0,0,660,165,178,11,265,2864,727,810,69,0,0,0,0,0,76,85,8,0,22,2,0,0,0,0,0,75,22
4rfm,0,0,0,0,0,0,0,0,0,836,224,240,11,423,3647,953,1012,54,99,104,9,0,0,112,121,6,415,33,2,0,0,0,0,0,111,30
4tmn,0,0,0,0,0,0,0,0,0,548,141,166,2,1235,4481,1205,1411,12,0,0,0,193,52,335,397,5,0,0,0,0,0,0,60,1,0,0
4twp,0,0,0,0,0,0,0,0,0,701,172,212,6,187,3871,1001,1130,46,0,0,0,0,0,48,52,1,0,60,3,0,0,0,0,0,204,51
4ty7,0,0,0,0,0,4,0,0,0,959,299,307,23,176,3839,1132,1191,101,0,0,0,0,0,58,59,4,0,0,0,101,34,28,0,0,0,0
4u4s,0,0,0,0,0,0,0,0,0,594,145,183,3,423,1526,377,464,10,0,0,0,0,0,109,132,0,0,62,0,0,0,0,0,0,205,54
4w9c,0,0,0,0,0,0,0,0,0,422,104,91,0,600,2837,729,623,0,0,0,0,0,0,148,130,0,0,0,0,0,0,0,0,0,0,0
4w9h,0,0,0,0,0,0,0,0,0,544,138,123,0,571,3228,824,724,0,0,0,0,0,0,144,131,0,0,34,0,0,0,0,0,0,164,38
4w9i,0,0,0,0,0,0,0,0,0,533,132,125,0,642,3072,770,690,0,0,0,0,0,0,161,152,0,0,33,0,0,0,0,0,0,163,38
4w9l,0,0,0,0,0,0,0,0,0,612,162,147,0,630,3616,953,822,0,0,0,0,0,0,169,153,0,0,33,0,0,0,0,0,0,168,39
4wiv,0,0,0,0,0,0,0,0,0,574,129,149,12,198,2861,631,756,51,0,0,0,0,0,47,55,3,0,0,0,0,0,0,0,0,0,0
4x6p,0,0,0,0,0,7,0,0,0,1367,396,428,36,179,4195,1182,1274,125,0,0,0,0,0,55,54,4,0,0,0,210,55,59,0,0,0,0
5a7b,0,0,0,0,0,0,0,0,0,173,48,56,3,230,2750,699,832,40,0,0,0,0,0,58,66,3,0,0,0,0,0,0,0,0,0,0
5aba,2,0,0,0,0,2,156,38,51,176,48,56,3,168,1705,449,534,26,0,0,0,0,0,43,58,2,0,0,0,138,36,37,0,0,0,0
5c28,0,0,0,0,0,4,0,0,0,595,142,162,11,0,1580,358,408,27,0,0,0,0,0,0,0,0,0,0,0,224,47,55,0,0,0,0
5c2h,0,0,0,0,0,4,0,0,0,951,223,251,17,184,4003,914,1026,65,0,0,0,0,0,42,45,2,0,57,3,218,52,57,0,0,198,49
5dwr,0,0,0,0,0,0,0,0,0,755,188,218,0,217,4371,1087,1256,0,136,157,0,0,0,53,55,0,548,0,0,0,0,0,0,0,0,0
5tmn,0,0,0,0,0,0,0,0,0,541,139,168,2,1157,3678,980,1181,7,0,0,0,188,49,316,365,3,0,0,0,0,0,0,59,1,0,0
